<?xml version="1.0" encoding="UTF-8"?>
<!DOCTYPE mapper PUBLIC "-//mybatis.org//DTD Mapper 3.0//EN" "http://mybatis.org/dtd/mybatis-3-mapper.dtd">
<mapper namespace="com.example.examSystem.mapper.old.AreaAssessorViewMapper">

    <!--    获取领域的评卷人，多个评卷人合一起显示-->
    <select id="getCompetenceAreaAndAllAssessor" resultType="com.example.examSystem.view.AreaAssessorView">
        SELECT product_id, product_name, parent_area_id, parent_area_name, sub_area_id, sub_area_name,
        GROUP_CONCAT(`assessor_email`) assessor_email FROM `area_assessor_view` where 1=1
        <if test="productName != null">
            AND product_name = #{productName}
        </if>
        <if test="parentAreaName != null">
            AND parent_area_name = #{parentAreaName}
        </if>
        <if test="subAreaName != null">
            AND sub_area_name = #{subAreaName}
        </if>
        GROUP BY product_id, parent_area_id, sub_area_id
        <if test="page != -1">
            LIMIT #{page},#{size}
        </if>
    </select>

    <select id="countCompetenceAreaAndAllAssessor" resultType="java.lang.Long">
        SELECT COUNT(*) FROM (
            SELECT GROUP_CONCAT(`assessor_email`) assessor_email FROM `area_assessor_view` where 1=1
            <if test="productName != null">
                AND product_name = #{productName}
            </if>
            <if test="parentAreaName != null">
                AND parent_area_name = #{parentAreaName}
            </if>
            <if test="subAreaName != null">
                AND sub_area_name = #{subAreaName}
            </if>
            GROUP BY product_id, parent_area_id, sub_area_id
        ) a;
    </select>
</mapper>