<?xml version="1.0" encoding="UTF-8"?>
<!DOCTYPE mapper PUBLIC "-//mybatis.org//DTD Mapper 3.0//EN" "http://mybatis.org/dtd/mybatis-3-mapper.dtd">
<mapper namespace="com.example.examSystem.mapper.old.AssessMapper">

    <update id="setCompleted" parameterType="java.lang.Integer">
        UPDATE `assess` SET `status` = "reviewing", `submit_time` = NOW() WHERE id = #{id}
    </update>

    <select id="getUserNum" resultType="java.lang.Long">
        SELECT COUNT(DISTINCT u.`name`) FROM `user` u INNER JOIN `assess` a WHERE u.`id` = a.`assessee`
    </select>

    <select id="getUser" resultType="java.lang.String">
        SELECT DISTINCT u.`email` FROM `user` u INNER JOIN `assess` a WHERE u.`id` = a.`assessee`
    </select>

    <select id="countUserAssessNum" parameterType="java.lang.String" resultType="java.lang.Long">
        SELECT COUNT(*) FROM `assess` WHERE `assessee_email` = #{email} AND `status` = "completed"
    </select>

    <select id="getUserAverage" parameterType="java.lang.String" resultType="java.lang.Double">
        SELECT AVG(`score`) FROM `assess` WHERE `assessee_email` = #{email}
    </select>

    <select id="getUserAverageList" resultType="com.example.examSystem.entity.assess.AssessAvgPoint">
        SELECT `assessee_email` `user_name`, AVG(score) `point` FROM `assess`
        GROUP BY assessee_email ORDER BY AVG(score) DESC
    </select>

    <select id="getUserEarliestAssessTime" resultType="java.time.LocalDateTime">
        SELECT `submit_time` FROM `assess` WHERE `assessee_email` = #{email} AND `status` = "completed"
        ORDER BY `submit_time` ASC LIMIT 0,1
    </select>
</mapper>