<?xml version="1.0" encoding="UTF-8"?>
<!DOCTYPE mapper PUBLIC "-//mybatis.org//DTD Mapper 3.0//EN" "http://mybatis.org/dtd/mybatis-3-mapper.dtd">
<mapper namespace="com.example.examSystem.mapper.old.AssessDataViewMapper">

    <!--    统计某人的评卷时间（不超过time小时）-->
    <select id="statisticsAssessTimeLimit" resultType="java.lang.Long">
        SELECT COUNT(*) FROM `assess_data_question_view`
            WHERE TIMESTAMPDIFF(HOUR, submit_time, assess_time) <![CDATA[<=]]> #{time} and assessor = #{email}
    </select>

    <!--    统计某人的未评题目数量-->
    <select id="statisticsNoAssess" parameterType="java.lang.String" resultType="java.lang.Long">
        SELECT COUNT(*) FROM `assess_data_question_view` WHERE assessor = #{email} and assess_status = "To be assess"
    </select>
    
    <select id="statisticsAssessed" parameterType="java.lang.String" resultType="java.lang.Long">
        SELECT COUNT(*) FROM `assess_data_question_view` WHERE assessor = #{email} and assess_status = "assessed"
    </select>

    <!--    统计某人的已评题目数量-->
    <select id="statisticsAssessed" parameterType="java.lang.String" resultType="java.lang.Long">
        SELECT COUNT(*) FROM `assess_data_question_view` WHERE assessor = #{email} and assess_status = "assessed"
    </select>

    <!--    统计评卷时间（不超过time小时）-->
    <select id="statisticsTotalAssessTimeLimit" resultType="java.lang.Long">
        SELECT COUNT(*) FROM `assess_data_question_view`
        WHERE TIMESTAMPDIFF(HOUR, submit_time, assess_time) <![CDATA[<=]]> #{time} and `assessor` != "system"
    </select>

    <!--    统计评题目数量-->
    <select id="statisticsTotalNoAssess" resultType="java.lang.Long">
        SELECT COUNT(*) FROM `assess_data_question_view` WHERE `assessor` != "system" and assess_status = "To be assess"
    </select>

    <!--    统计已评题目数量-->
    <select id="statisticsTotalAssessed" resultType="java.lang.Long">
        SELECT COUNT(*) FROM `assess_data_question_view` WHERE `assessor` != "system" and assess_status = "assessed"
    </select>

    <!--    获取所有人的未评题目数量-->
    <select id="countAllNoAssess" resultType="com.example.examSystem.entity.assess.AssessorReviewNum">
        SELECT `assessor`, COUNT(*) num FROM `assess_data_question_view`
        WHERE assess_status = "To be assess" AND `assessor` != "system" group by `assessor`
    </select>

    <!--    获取所有人的已评题目数量-->
    <select id="countAllAssessed" resultType="com.example.examSystem.entity.assess.AssessorReviewNum">
        SELECT `assessor`, COUNT(*) num FROM `assess_data_question_view`
        WHERE assess_status = "assessed" AND `assessor` != "system" group by `assessor`
    </select>

    <!--    统计所有人的评卷总时间（只计算已评卷的），用来算平均-->
    <select id="statisticsTotalAssessTime" resultType="com.example.examSystem.entity.assess.AssessorReviewNum">
        SELECT `assessor`, SUM(TIMESTAMPDIFF(HOUR, `submit_time`, `assess_time`)) num
        FROM `assess_data_question_view`
        WHERE `assess_status` = "assessed" AND `assessor` != "system" GROUP BY `assessor`
    </select>

    <!--    获取（某个试卷所有答卷）每道题答对人数-->
    <select id="getRightNum" parameterType="java.lang.Integer" resultType="com.example.examSystem.entity.assess.AssessDataNum">
        SELECT `question_id`, COUNT(DISTINCT user_name) num FROM `assess_data_question_view`
        WHERE `assess_status` = "assessed"
        <if test="quizId != null">
          AND `quiz_id` = #{quizId}
        </if>
          AND ((`score` != 0 AND `type` = "C") OR (`score` <![CDATA[>=]]> `points`*0.7 AND `type` = "D"))
        GROUP BY `question_id`
    </select>

    <!--    获取（某个试卷所有答卷）每道题答对人数-->
    <select id="getWrongNum" parameterType="java.lang.Integer" resultType="com.example.examSystem.entity.assess.AssessDataNum">
        SELECT `question_id`, COUNT(DISTINCT user_name) num FROM `assess_data_question_view`
        WHERE `assess_status` = "assessed"
        <if test="quizId != null">
            AND `quiz_id` = #{quizId}
        </if>
          AND ((`score` = 0 AND `type` = "C") OR (`score` <![CDATA[<]]> `points`*0.7 AND `type` = "D"))
        GROUP BY `question_id`
    </select>

    <!--    统计某人答对的题目数量，不去重-->
    <select id="countUserRightNum" parameterType="java.lang.String" resultType="java.lang.Long">
        SELECT COUNT(*) FROM `assess_data_question_view` WHERE `assess_status` = "assessed"
        AND user_name = #{userName}
        AND ((`score` != 0 AND `type` = "C") OR (`score` <![CDATA[>=]]> `points`*0.7 AND `type` = "D"))
    </select>

    <!--    统计某人答错的题目数量，不去重-->
    <select id="countUserWrongNum" parameterType="java.lang.String" resultType="java.lang.Long">
        SELECT COUNT(*) FROM `assess_data_question_view` WHERE `assess_status` = "assessed"
        AND user_name = #{userName}
        AND ((`score` = 0 AND `type` = "C") OR (`score` <![CDATA[<]]> `points`*0.7 AND `type` = "D"))
    </select>

    <!--    获取某用户答过的题目每道题答对次数-->
    <select id="getUserRightNum" parameterType="java.lang.String" resultType="com.example.examSystem.entity.assess.AssessDataNum">
        SELECT `question_id`, COUNT(user_name) num FROM `assess_data_question_view`
        WHERE `assess_status` = "assessed" AND user_name = #{userName}
        AND ((`score` != 0 AND `type` = "C") OR (`score` <![CDATA[>=]]> `points`*0.7 AND `type` = "D"))
        GROUP BY `question_id`
    </select>

    <!--    获取某用户答过的题目每道题答对次数-->
    <select id="getUserWrongNum" parameterType="java.lang.String" resultType="com.example.examSystem.entity.assess.AssessDataNum">
        SELECT `question_id`, COUNT(user_name) num FROM `assess_data_question_view`
        WHERE `assess_status` = "assessed" AND user_name = #{userName}
        AND ((`score` = 0 AND `type` = "C") OR (`score` <![CDATA[<]]> `points`*0.7 AND `type` = "D"))
        GROUP BY `question_id`
    </select>
</mapper>