<?xml version="1.0" encoding="UTF-8"?>
<!DOCTYPE mapper PUBLIC "-//mybatis.org//DTD Mapper 3.0//EN" "http://mybatis.org/dtd/mybatis-3-mapper.dtd">
<mapper namespace="com.example.examSystem.mapper.old.QuestionMapper">

    <update id="setDeprecated">
        UPDATE `question` SET `status` = "deprecated", `history` = #{history} WHERE id = #{id}
    </update>

    <insert id="batchInsert" >
        insert into `question` (title, body, answer, type, product_id, parent_area_id,
                                sub_area_id, level, status, history, creator, organization, if_multiple) values
        <foreach collection="list" item="item" index="index" separator=",">
            (#{item.title},#{item.body},#{item.answer},#{item.type},#{item.productId},
             #{item.parentAreaId},#{item.subAreaId},#{item.level},#{item.status},
            #{item.history},#{item.creator},#{item.organization},#{item.ifMultiple})
        </foreach>
    </insert>

    <select id="getAreaHasQuestion" resultType="java.lang.String">
        SELECT DISTINCT `sub_area_id` FROM `question`
    </select>

</mapper>