<?xml version="1.0" encoding="UTF-8"?>
<!DOCTYPE mapper PUBLIC "-//mybatis.org//DTD Mapper 3.0//EN" "http://mybatis.org/dtd/mybatis-3-mapper.dtd">
<mapper namespace="com.example.examSystem.mapper.old.QuizMapper">

    <insert id="batchInsert" >
        insert into `quiz_question` (quiz_id, question_id, points, no) values
        <foreach collection="list" item="item" index="index" separator=",">
            (#{quizId},#{item.id},#{item.points},#{item.no})
        </foreach>
    </insert>

    <select id="getQuestionByQuizId" parameterType="java.lang.Integer" resultType="com.example.examSystem.view.QuizQuestionView">
        SELECT * from `quiz_question_view`where `quiz_id` = #{id} and (`type` = "C" or `type` = "D") order by `no` ASC
    </select>

    <select id="getDocQuestionByQuizId" parameterType="java.lang.Integer" resultType="com.example.examSystem.view.QuizQuestionView">
        SELECT * from `quiz_question_view`where `quiz_id` = #{id} and `type` = "E" order by `no` ASC
    </select>

    <select id="getQuestionPoints" resultType="java.lang.Integer">
        SELECT points from `quiz_question` where `quiz_id` = #{quizId} and `question_id` = #{questionId}
    </select>

    <update id="setAuth">
        UPDATE `quiz` SET `auth` = #{auth} WHERE id = #{id}
    </update>

    <delete id="deleteQuizQuestionByQuizId" parameterType="java.lang.Integer">
        DELETE FROM `quiz_question` WHERE quiz_id = #{quizId}
    </delete>

</mapper>