<?xml version="1.0" encoding="UTF-8"?>
<!DOCTYPE mapper PUBLIC "-//mybatis.org//DTD Mapper 3.0//EN" "http://mybatis.org/dtd/mybatis-3-mapper.dtd">
<mapper namespace="com.example.examSystem.mapper.old.RoleMapper">

    <!--    ****************************    权限    ****************************    -->
    <select id="getRoleAuthByRoleId" parameterType="java.lang.Integer" resultType="java.lang.Integer">
        SELECT `auth_id` FROM `role_auth` WHERE `role_id` = #{roleId}
    </select>

    <delete id="deleteRoleAuthByRoleId">
        DELETE FROM `role_auth` WHERE `role_id` = #{roleId}
    </delete>

    <insert id="insertRoleAuth">
        INSERT INTO `role_auth`( `role_id`,`auth_id`) VALUES(#{roleId}, #{authId})
    </insert>

    <!--    ****************************    菜单    ****************************    -->
    <select id="getRoleMenuByRoleId" parameterType="java.lang.Integer" resultType="java.lang.Integer">
        SELECT `menu_id` FROM `role_menu` WHERE `role_id` = #{roleId}
    </select>

    <delete id="deleteRoleMenuByRoleId">
        DELETE FROM `role_menu` WHERE `role_id` = #{roleId}
    </delete>

    <insert id="insertRoleMenu">
        INSERT INTO `role_menu`( `role_id`,`menu_id`) VALUES(#{roleId}, #{menuId})
    </insert>
</mapper>